team,rank,country,level,elo,from,to,league
Arsenal,1.0,ENG,1,2063.7578125,2026-05-31,2026-08-21,ENG-Premier League
Man City,2.0,ENG,1,1970.85400391,2026-07-05,2026-08-23,ENG-Premier League
Paris SG,3.0,FRA,1,1967.87890625,2026-07-05,2026-08-23,FRA-Ligue 1
Barcelona,4.0,ESP,1,1951.58862305,2026-07-05,2026-08-27,ESP-La Liga
Real Madrid,5.0,ESP,1,1922.9119873,2026-07-05,2026-08-26,ESP-La Liga
Aston Villa,6.0,ENG,1,1920.9699707,2026-07-05,2026-08-23,ENG-Premier League
Man United,7.0,ENG,1,1915.31591797,2026-07-05,2026-08-22,ENG-Premier League
Liverpool,8.0,ENG,1,1910.79882812,2026-07-05,2026-08-23,ENG-Premier League
Inter,9.0,ITA,1,1888.60229492,2026-07-05,2026-08-22,ITA-Serie A
Bournemouth,10.0,ENG,1,1871.9699707,2026-07-05,2026-08-23,ENG-Premier League
Sporting,11.0,POR,1,1847.9276123,2026-07-05,2026-08-29,
Brighton,12.0,ENG,1,1842.01037598,2026-07-05,2026-08-23,ENG-Premier League
Newcastle,13.0,ENG,1,1837.53112793,2026-07-05,2026-08-23,ENG-Premier League
Brentford,14.0,ENG,1,1836.59033203,2026-07-05,2026-08-22,ENG-Premier League
Dortmund,15.0,GER,1,1834.76867676,2026-07-05,2026-08-29,GER-Bundesliga
Chelsea,16.0,ENG,1,1831.10339355,2026-07-05,2026-08-24,ENG-Premier League
Atletico,17.0,ESP,1,1827.67553711,2026-07-05,2026-08-19,ESP-La Liga
Benfica,18.0,POR,1,1823.50854492,2026-07-05,2026-08-29,
Forest,19.0,ENG,1,1822.17016602,2026-07-05,2026-08-22,ENG-Premier League
Fulham,20.0,ENG,1,1813.09558105,2026-07-05,2026-08-24,ENG-Premier League
Porto,21.0,POR,1,1805.9453125,2026-07-05,2026-08-29,
Leverkusen,22.0,GER,1,1804.02612305,2026-07-05,2026-08-29,GER-Bundesliga
Crystal Palace,23.0,ENG,1,1803.82458496,2026-07-05,2026-08-22,ENG-Premier League
Everton,24.0,ENG,1,1803.43054199,2026-07-05,2026-08-22,ENG-Premier League
Leeds,25.0,ENG,1,1797.3885498,2026-07-05,2026-08-22,ENG-Premier League
Roma,26.0,ITA,1,1793.45080566,2026-07-05,2026-08-24,ITA-Serie A
Napoli,27.0,ITA,1,1780.29589844,2026-07-05,2026-08-22,ITA-Serie A
Tottenham,28.0,ENG,1,1777.30883789,2026-07-05,2026-08-22,ENG-Premier League
Juventus,29.0,ITA,1,1772.25634766,2026-07-05,2026-08-23,ITA-Serie A
West Ham,30.0,ENG,2,1768.80187988,2026-07-05,2026-08-16,
Lens,31.0,FRA,1,1767.04345703,2026-07-05,2026-08-22,FRA-Ligue 1
Atalanta,32.0,ITA,1,1763.51843262,2026-07-05,2026-08-23,ITA-Serie A
RB Leipzig,33.0,GER,1,1761.90356445,2026-07-05,2026-08-29,GER-Bundesliga
Como,34.0,ITA,1,1760.02868652,2026-07-05,2026-08-22,ITA-Serie A
Villarreal,35.0,ESP,1,1759.34509277,2026-07-05,2026-08-16,ESP-La Liga
PSV,36.0,NED,1,1759.13476562,2026-07-05,2026-08-08,
Brugge,37.0,BEL,1,1757.43847656,2026-07-05,2026-08-07,
Milan,38.0,ITA,1,1750.04199219,2026-07-05,2026-08-23,ITA-Serie A
Betis,39.0,ESP,1,1747.13122559,2026-07-05,2026-08-25,ESP-La Liga
Lille,40.0,FRA,1,1743.70898438,2026-07-05,2026-08-23,FRA-Ligue 1
Sunderland,41.0,ENG,1,1735.93017578,2026-07-05,2026-08-22,ENG-Premier League
Lyon,42.0,FRA,1,1731.61779785,2026-07-05,2026-08-22,FRA-Ligue 1
Freiburg,43.0,GER,1,1724.91296387,2026-07-05,2026-08-29,GER-Bundesliga
Monaco,44.0,FRA,1,1717.51831055,2026-07-05,2026-08-22,FRA-Ligue 1
St Gillis,45.0,BEL,1,1716.76196289,2026-07-05,2026-08-08,
Marseille,46.0,FRA,1,1716.74279785,2026-07-05,2026-08-21,FRA-Ligue 1
Rennes,47.0,FRA,1,1716.11865234,2026-07-05,2026-08-23,FRA-Ligue 1
Strasbourg,48.0,FRA,1,1710.80456543,2026-07-05,2026-08-21,FRA-Ligue 1
Bodoe Glimt,49.0,NOR,1,1708.89233398,2026-07-13,2026-07-17,
Rayo Vallecano,50.0,ESP,1,1707.33996582,2026-07-05,2026-08-15,ESP-La Liga
Lazio,51.0,ITA,1,1703.1697998,2026-07-05,2026-08-24,ITA-Serie A
Bologna,52.0,ITA,1,1701.2779541,2026-07-05,2026-08-24,ITA-Serie A
Celta,53.0,ESP,1,1700.77722168,2026-07-05,2026-08-16,ESP-La Liga
Hoffenheim,54.0,GER,1,1700.35375977,2026-07-05,2026-08-29,GER-Bundesliga
Braga,55.0,POR,1,1698.91101074,2026-07-05,2026-08-29,
Valencia,56.0,ESP,1,1697.41503906,2026-07-05,2026-08-25,ESP-La Liga
Midtjylland,57.0,DEN,1,1687.38391113,2026-07-05,2026-07-26,
Galatasaray,58.0,TUR,1,1684.27062988,2026-07-05,2026-08-29,
Wolves,59.0,ENG,2,1679.6932373,2026-07-05,2026-08-14,
Bilbao,60.0,ESP,1,1677.90087891,2026-07-05,2026-08-27,ESP-La Liga
Mainz,61.0,GER,1,1671.92553711,2026-07-05,2026-08-29,GER-Bundesliga
Fiorentina,62.0,ITA,1,1670.17321777,2026-07-05,2026-08-24,ITA-Serie A
Sociedad,63.0,ESP,1,1669.46557617,2026-07-05,2026-08-26,ESP-La Liga
Burnley,64.0,ENG,2,1666.33666992,2026-07-05,2026-08-16,
Getafe,65.0,ESP,1,1664.07507324,2026-07-05,2026-08-15,ESP-La Liga
Frankfurt,66.0,GER,1,1663.77978516,2026-07-05,2026-08-29,GER-Bundesliga
Olympiakos,67.0,GRE,1,1663.37609863,2026-07-05,2026-08-29,
Coventry,68.0,ENG,1,1661.4777832,2026-07-05,2026-08-21,ENG-Premier League
Zenit,69.0,RUS,1,1657.19775391,2026-07-05,2026-08-29,
Fenerbahce,70.0,TUR,1,1655.55859375,2026-07-05,2026-08-29,
Slavia Praha,71.0,CZE,1,1654.11645508,2026-07-05,2026-08-29,
Toulouse,72.0,FRA,1,1652.31567383,2026-07-05,2026-08-22,FRA-Ligue 1
Osasuna,73.0,ESP,1,1650.25805664,2026-07-05,2026-08-16,ESP-La Liga
Udinese,74.0,ITA,1,1645.94165039,2026-07-05,2026-08-22,ITA-Serie A
Mallorca,75.0,ESP,1,1642.77294922,2026-07-05,2026-08-29,ESP-La Liga
Gladbach,76.0,GER,1,1640.84313965,2026-07-05,2026-08-29,GER-Bundesliga
AEK,77.0,GRE,1,1640.65844727,2026-07-05,2026-08-29,
Ipswich,78.0,ENG,1,1639.99816895,2026-07-05,2026-08-22,ENG-Premier League
Lorient,79.0,FRA,1,1639.05749512,2026-07-05,2026-08-22,FRA-Ligue 1
Levante,80.0,ESP,1,1638.74023438,2026-07-05,2026-08-16,ESP-La Liga
Augsburg,81.0,GER,1,1636.44641113,2026-07-05,2026-08-29,GER-Bundesliga
Southampton,82.0,ENG,2,1636.34631348,2026-07-05,2026-08-16,
Girona,83.0,ESP,1,1635.80603027,2026-07-05,2026-08-29,ESP-La Liga
Alaves,84.0,ESP,1,1634.98193359,2026-07-05,2026-08-15,ESP-La Liga
FC Krasnodar,85.0,RUS,1,1632.22900391,2026-07-05,2026-08-29,
Viking,86.0,NOR,1,1631.9107666,2026-07-13,2026-07-18,
Espanyol,87.0,ESP,1,1629.45593262,2026-07-05,2026-08-16,ESP-La Liga
Paris FC,88.0,FRA,1,1629.32714844,2026-07-05,2026-08-22,FRA-Ligue 1
Sevilla,89.0,ESP,1,1625.92346191,2026-07-05,2026-08-15,ESP-La Liga
Auxerre,90.0,FRA,1,1624.11157227,2026-07-05,2026-08-22,FRA-Ligue 1
Torino,91.0,ITA,1,1624.05883789,2026-07-05,2026-08-23,ITA-Serie A
Elche,92.0,ESP,1,1623.40356445,2026-07-05,2026-08-17,ESP-La Liga
Sassuolo,93.0,ITA,1,1622.01721191,2026-07-05,2026-08-23,ITA-Serie A
Brest,94.0,FRA,1,1620.84460449,2026-07-05,2026-08-22,FRA-Ligue 1
Union Berlin,95.0,GER,1,1619.43054199,2026-07-05,2026-08-29,GER-Bundesliga
Genoa,96.0,ITA,1,1618.22729492,2026-07-05,2026-08-22,ITA-Serie A
Werder,97.0,GER,1,1606.01928711,2026-07-05,2026-08-29,GER-Bundesliga
PAOK,98.0,GRE,1,1605.5760498,2026-07-05,2026-08-29,
Millwall,99.0,ENG,2,1604.41833496,2026-07-05,2026-08-15,
Feyenoord,100.0,NED,1,1602.56091309,2026-07-05,2026-08-09,
Hamburg,,GER,1,1602.14733887,2026-05-21,2026-08-29,GER-Bundesliga
Parma,,ITA,1,1599.93139648,2026-05-25,2026-08-22,ITA-Serie A
Venezia,,ITA,2,1598.84899902,2026-05-09,2026-08-23,
Cagliari,,ITA,1,1594.3046875,2026-05-25,2026-08-22,ITA-Serie A
Famalicao,,POR,1,1590.96594238,2026-05-17,2026-08-29,
Middlesbrough,,ENG,2,1588.94506836,2026-05-31,2026-08-15,
Crvena Zvezda,,SRB,1,1586.15527344,2026-05-23,2026-08-29,
Las Palmas,,ESP,2,1585.08972168,2026-06-11,2026-08-29,
Aarhus,,DEN,1,1582.55212402,2026-05-18,2026-07-25,
Nice,,FRA,1,1582.37243652,2026-05-31,2026-08-22,FRA-Ligue 1
Santander,,ESP,2,1581.93249512,2026-06-01,2026-08-16,
Genk,,BEL,1,1581.32556152,2026-06-01,2026-08-09,
Le Havre,,FRA,1,1580.06860352,2026-05-31,2026-08-22,FRA-Ligue 1
FC Kobenhavn,,DEN,1,1578.41003418,2026-05-22,2026-07-26,
Ajax,,NED,1,1578.02770996,2026-05-25,2026-08-09,
Dinamo Zagreb,,CRO,1,1577.1184082,2026-05-24,2026-08-29,
Celtic,,SCO,1,1575.15283203,2026-05-17,2026-08-29,
Malaga,,ESP,2,1568.62817383,2026-06-21,2026-08-19,
Koeln,,GER,1,1568.16870117,2026-05-21,2026-08-29,GER-Bundesliga
Lecce,,ITA,1,1568.02050781,2026-05-25,2026-08-23,ITA-Serie A
Twente,,NED,1,1567.74780273,2026-05-18,2026-08-09,
Frosinone,,ITA,2,1564.72619629,2026-05-09,2026-08-23,
Paphos,,CYP,0,1561.03271484,2026-03-20,2026-08-29,
Norwich,,ENG,2,1560.36108398,2026-05-31,2026-08-15,
Oviedo,,ESP,1,1557.96911621,2026-05-28,2026-08-29,ESP-La Liga
Viktoria Plzen,,CZE,1,1556.39916992,2026-05-25,2026-08-29,
Almeria,,ESP,2,1556.26391602,2026-06-21,2026-08-29,
Lok Moskva,,RUS,1,1555.28356934,2026-03-16,2026-08-29,
CSKA Moskva,,RUS,1,1554.62353516,2026-03-15,2026-08-29,
St Truiden,,BEL,1,1554.60778809,2026-05-25,2026-08-08,
Karabakh Agdam,,AZE,0,1554.37609863,2026-02-25,2026-08-29,
Heidenheim,,GER,2,1552.56970215,2026-07-04,2026-08-08,
Spartak Moskva,,RUS,1,1550.99316406,2026-03-15,2026-08-29,
Eibar,,ESP,2,1549.77270508,2026-06-01,2026-08-29,
Sparta Praha,,CZE,1,1547.84741211,2026-05-25,2026-08-29,
Angers,,FRA,1,1547.54589844,2026-05-31,2026-08-23,FRA-Ligue 1
Panathinaikos,,GRE,1,1546.63842773,2026-05-18,2026-08-29,
Sheffield United,,ENG,2,1546.58081055,2026-05-31,2026-08-15,
Castellon,,ESP,2,1546.32910156,2026-06-10,2026-08-29,
Depor,,ESP,2,1546.3137207,2026-06-01,2026-08-17,
Nantes,,FRA,1,1544.4296875,2026-05-31,2026-08-29,FRA-Ligue 1
Monza,,ITA,2,1543.9909668,2026-05-30,2026-08-22,
Reims,,FRA,2,1541.97424316,2026-05-31,2026-08-29,
Burgos,,ESP,2,1541.79614258,2026-06-01,2026-08-29,
Nordsjaelland,,DEN,1,1541.78027344,2026-05-18,2026-07-26,
Derby,,ENG,2,1539.21325684,2026-05-31,2026-08-15,
Alkmaar,,NED,1,1539.21289062,2026-05-18,2026-08-08,
Dynamo Moskva,,RUS,1,1538.52539062,2026-03-15,2026-08-29,
Swansea,,ENG,2,1536.28540039,2026-05-31,2026-08-15,
St Pauli,,GER,2,1532.94165039,2026-07-04,2026-08-08,
Hull,,ENG,1,1532.88049316,2026-07-04,2026-08-22,ENG-Premier League
Nijmegen,,NED,1,1531.59863281,2026-05-18,2026-08-08,
Cremonese,,ITA,1,1531.55664062,2026-05-25,2026-08-29,ITA-Serie A
Brondby,,DEN,1,1529.92553711,2026-05-22,2026-07-25,
Brann,,NOR,1,1528.16906738,2026-07-13,2026-07-18,
Hannover,,GER,2,1527.87036133,2026-05-21,2026-08-08,
Wrexham,,ENG,2,1527.45910645,2026-05-31,2026-08-17,
Trabzonspor,,TUR,1,1526.23779297,2026-05-18,2026-08-29,
Paderborn,,GER,1,1525.36755371,2026-07-04,2026-08-29,GER-Bundesliga
Elversberg,,GER,1,1523.39831543,2026-07-04,2026-08-29,GER-Bundesliga
Troyes,,FRA,2,1521.14306641,2026-05-31,2026-08-22,
Lech,,POL,1,1520.91870117,2026-05-24,2026-08-29,
Bueyueksehir,,TUR,1,1520.4609375,2026-05-17,2026-08-29,
Utrecht,,NED,1,1520.30151367,2026-05-25,2026-08-09,
Ferencvaros,,HUN,1,1520.05029297,2026-07-10,2026-07-16,
Schalke,,GER,1,1519.7421875,2026-07-04,2026-08-29,GER-Bundesliga
Rangers,,SCO,1,1517.05712891,2026-05-17,2026-08-29,
Besiktas,,TUR,1,1516.34155273,2026-05-16,2026-08-29,
Mjaellby,,SWE,1,1515.64575195,2026-07-12,2026-07-17,
Guimaraes,,POR,1,1515.55175781,2026-05-17,2026-08-29,
Palermo,,ITA,2,1514.03564453,2026-05-21,2026-08-29,
Rakow,,POL,1,1513.49890137,2026-05-24,2026-08-29,
Viborg,,DEN,1,1512.19702148,2026-05-18,2026-07-24,
Gil Vicente,,POR,1,1507.8458252,2026-05-17,2026-08-29,
Saint-Etienne,,FRA,2,1507.8404541,2026-05-31,2026-08-29,
Bristol City,,ENG,2,1507.68237305,2026-05-31,2026-08-15,
Hammarby,,SWE,1,1507.66381836,2026-07-13,2026-07-19,
Birmingham,,ENG,2,1507.0657959,2026-05-31,2026-08-15,
Charleroi,,BEL,1,1504.99682617,2026-05-24,2026-08-09,
West Brom,,ENG,2,1504.70581055,2026-05-31,2026-08-15,
Verona,,ITA,1,1502.5567627,2026-05-25,2026-08-29,ITA-Serie A
Standard,,BEL,1,1502.06079102,2026-05-24,2026-08-08,
Arouca,,POR,1,1500.69470215,2026-05-17,2026-08-29,
Gijon,,ESP,2,1499.98925781,2026-05-31,2026-08-29,
Portsmouth,,ENG,2,1499.31542969,2026-05-31,2026-08-15,
Gent,,BEL,1,1497.22473145,2026-06-01,2026-08-09,
Tromso,,NOR,1,1496.79089355,2026-07-12,2026-07-18,
Albacete,,ESP,2,1496.30981445,2026-05-31,2026-08-29,
Rodez,,FRA,2,1494.4453125,2026-05-31,2026-08-29,
Larnaca,,CYP,0,1494.35522461,2026-03-20,2026-08-29,
Andorra CF,,ESP,2,1493.97790527,2026-06-01,2026-08-29,
Estoril,,POR,1,1493.87988281,2026-05-17,2026-08-29,
Blackburn,,ENG,2,1493.27880859,2026-05-31,2026-08-14,
Le Mans,,FRA,2,1492.42102051,2026-05-31,2026-08-22,
Metz,,FRA,1,1489.80969238,2026-05-31,2026-08-29,FRA-Ligue 1
Bochum,,GER,2,1486.64111328,2026-05-21,2026-08-07,
Baltika,,RUS,1,1484.52722168,2026-03-15,2026-08-29,
Santa Clara,,POR,1,1482.95849609,2026-05-17,2026-08-29,
Salzburg,,AUT,1,1482.40698242,2026-05-18,2026-08-01,
Leganes,,ESP,2,1481.57946777,2026-06-01,2026-08-29,
QPR,,ENG,2,1480.50976562,2026-05-31,2026-08-15,
Antwerp,,BEL,1,1480.32495117,2026-05-24,2026-08-09,
Moreirense,,POR,1,1478.99890137,2026-05-17,2026-08-29,
Preston,,ENG,2,1478.86450195,2026-05-31,2026-08-15,
Mechelen,,BEL,1,1478.85229492,2026-05-25,2026-08-09,
Aris Limassol,,CYP,0,1478.18310547,2026-03-20,2026-08-29,
Montpellier,,FRA,2,1477.11669922,2026-05-31,2026-08-29,
Westerlo,,BEL,1,1475.3503418,2026-05-24,2026-08-08,
Cordoba,,ESP,2,1474.97363281,2026-06-01,2026-08-29,
Hearts,,SCO,1,1473.26843262,2026-05-17,2026-08-29,
Djurgarden,,SWE,1,1472.00256348,2026-07-14,2026-07-20,
Sturm Graz,,AUT,1,1471.63842773,2026-05-18,2026-08-01,
StGallen,,SUI,1,1469.69934082,2026-05-18,2026-07-26,
Bolton,,ENG,2,1468.6348877,2026-07-03,2026-08-15,
Cardiff,,ENG,2,1468.6348877,2026-07-03,2026-08-17,
Heerenveen,,NED,1,1468.30749512,2026-05-22,2026-08-09,
Molde,,NOR,1,1467.12390137,2026-07-12,2026-07-18,
Jagiellonia,,POL,1,1466.60546875,2026-05-24,2026-08-29,
Beer-Sheva,,ISR,1,1466.13769531,2026-05-24,2026-08-29,
Annecy,,FRA,2,1465.85766602,2026-05-31,2026-08-29,
SonderjyskE,,DEN,1,1465.48205566,2026-05-18,2026-07-26,
Darmstadt,,GER,2,1463.3572998,2026-05-21,2026-08-08,
Thun,,SUI,1,1463.22167969,2026-05-18,2026-07-25,
Holstein,,GER,2,1462.63525391,2026-05-21,2026-08-08,
Samsunspor,,TUR,1,1461.57702637,2026-05-17,2026-08-29,
Hertha,,GER,2,1461.53942871,2026-05-21,2026-08-07,
Granada,,ESP,2,1461.25683594,2026-05-31,2026-08-29,
Nuernberg,,GER,2,1458.71105957,2026-05-21,2026-08-08,
Craiova,,ROM,1,1458.68518066,2026-05-26,2026-07-18,
Catanzaro,,ITA,2,1458.62243652,2026-05-30,2026-08-29,
Watford,,ENG,2,1458.16186523,2026-05-31,2026-08-16,
Omonia,,CYP,0,1456.90454102,2026-03-20,2026-08-29,
Pisa,,ITA,1,1455.70288086,2026-05-24,2026-08-29,ITA-Serie A
Celje,,SVN,1,1455.5267334,2026-05-23,2026-07-17,
Gyoer,,HUN,1,1454.81445312,2026-07-15,2026-08-29,
Ceuta,,ESP,2,1454.6652832,2026-05-31,2026-08-29,
Charlton,,ENG,2,1452.98522949,2026-05-31,2026-08-15,
Stoke,,ENG,2,1452.73156738,2026-05-31,2026-08-15,
LASK,,AUT,1,1452.54589844,2026-05-18,2026-07-31,
Gornik,,POL,1,1452.04492188,2026-05-24,2026-08-29,
Rio Ave,,POR,1,1451.29138184,2026-05-17,2026-08-29,
Nacional,,POR,1,1451.03393555,2026-05-17,2026-08-29,
Goeztepe,,TUR,1,1450.39257812,2026-05-17,2026-08-29,
Lugano,,SUI,1,1450.05969238,2026-05-18,2026-07-26,
Rubin Kazan,,RUS,1,1449.72570801,2026-03-16,2026-08-29,
Cercle Brugge,,BEL,1,1445.62512207,2026-05-10,2026-08-08,
Hradec Kralove,,CZE,1,1445.51147461,2026-05-25,2026-08-29,
Silkeborg,,DEN,1,1445.33190918,2026-05-18,2026-07-27,
Jablonec,,CZE,1,1445.09521484,2026-05-25,2026-08-29,
Malmoe,,SWE,1,1444.68383789,2026-07-13,2026-07-20,
Alverca,,POR,1,1443.62670898,2026-05-17,2026-08-29,
Levski,,BUL,1,1441.24841309,2026-07-15,2026-07-17,
Red Star,,FRA,2,1441.0456543,2026-05-31,2026-08-29,
Go Ahead Eagles,,NED,1,1440.8338623,2026-05-18,2026-08-08,
Legia,,POL,1,1440.72375488,2026-05-24,2026-08-29,
Dynamo Kyiv,,UKR,0,1440.28381348,2026-07-10,2026-07-16,
Mirandes,,ESP,2,1440.08032227,2026-06-01,2026-08-29,
Magdeburg,,GER,2,1439.74841309,2026-05-21,2026-08-08,
Groningen,,NED,1,1438.96704102,2026-05-22,2026-08-09,
Aris,,GRE,1,1438.52880859,2026-05-18,2026-08-29,
M Tel Aviv,,ISR,1,1438.46240234,2026-05-24,2026-08-29,
CFR Cluj,,ROM,1,1437.53088379,2026-05-17,2026-07-18,
Basel,,SUI,1,1436.53771973,2026-05-18,2026-07-25,
Karlsruhe,,GER,2,1435.78100586,2026-05-21,2026-08-08,
Sion,,SUI,1,1433.71716309,2026-05-18,2026-07-26,
Universitatea Cluj,,ROM,1,1433.61633301,2026-07-10,2026-07-16,
Randers,,DEN,1,1432.48913574,2026-05-18,2026-07-27,
Razgrad,,BUL,1,1431.40698242,2026-05-30,2026-07-18,
Slovan Liberec,,CZE,1,1431.40270996,2026-05-25,2026-08-29,
Young Boys,,SUI,1,1431.359375,2026-05-18,2026-07-26,
Odense,,DEN,1,1430.63183594,2026-05-18,2026-07-24,
Zulte Waregem,,BEL,1,1430.47912598,2026-05-10,2026-08-09,
Modena,,ITA,2,1429.02441406,2026-05-13,2026-08-29,
Sociedad B,,ESP,2,1428.48071289,2026-05-31,2026-08-29,
Casa Pia,,POR,1,1427.91748047,2026-05-17,2026-08-29,
IK Sirius,,SWE,1,1427.83239746,2026-07-13,2026-07-19,
Rosenborg,,NOR,1,1427.67419434,2026-07-13,2026-07-18,
Hajduk,,CRO,1,1426.87268066,2026-07-10,2026-07-16,
Katowice,,POL,1,1426.26794434,2026-05-24,2026-08-29,
Juve Stabia,,ITA,2,1425.40319824,2026-05-20,2026-08-29,
Valladolid,,ESP,2,1425.33874512,2026-06-01,2026-08-29,
Pogon,,POL,1,1424.82568359,2026-05-24,2026-08-29,
Rostov,,RUS,1,1424.74609375,2026-03-15,2026-08-29,
Sandefjord,,NOR,1,1423.67443848,2026-07-13,2026-07-18,
Dunkerque,,FRA,2,1423.47265625,2026-05-31,2026-08-29,
Empoli,,ITA,2,1422.83203125,2026-05-09,2026-08-29,
Leuven,,BEL,1,1422.09460449,2026-05-24,2026-08-09,
Servette,,SUI,1,1417.44897461,2026-05-17,2026-07-25,
Beitar,,ISR,1,1414.83398438,2026-05-24,2026-08-29,
Dresden,,GER,2,1414.36035156,2026-05-21,2026-08-08,
Piast Gliwice,,POL,1,1413.75854492,2026-05-24,2026-08-29,
Fredrikstad,,NOR,1,1412.80065918,2026-07-12,2026-07-17,
Sparta Rotterdam,,NED,1,1411.77038574,2026-05-18,2026-08-09,
Cadiz,,ESP,2,1409.97790527,2026-06-01,2026-08-29,
Terek Grozny,,RUS,1,1406.51818848,2026-03-16,2026-08-29,
Levadeiakos,,GRE,1,1405.93115234,2026-05-18,2026-08-29,
Grenoble,,FRA,2,1405.7088623,2026-05-31,2026-08-29,
Huesca,,ESP,2,1405.03845215,2026-06-01,2026-08-29,
Bielefeld,,GER,2,1404.89758301,2026-05-21,2026-08-08,
Sarpsborg,,NOR,1,1403.36450195,2026-07-13,2026-07-18,
Estrela Amadora,,POR,1,1403.16503906,2026-05-17,2026-08-29,
Radomiak,,POL,1,1402.66918945,2026-05-24,2026-08-29,
Rizespor,,TUR,1,1402.17834473,2026-05-16,2026-08-29,
Mantova,,ITA,2,1399.96459961,2026-05-09,2026-08-29,
Tondela,,POR,1,1399.9251709,2026-05-17,2026-08-29,
Austria Wien,,AUT,1,1398.9432373,2026-05-18,2026-08-02,
Hibernian,,SCO,1,1398.91040039,2026-05-17,2026-08-29,
Alanyaspor,,TUR,1,1398.89440918,2026-05-17,2026-08-29,
Konyaspor,,TUR,1,1398.39013672,2026-05-18,2026-08-29,
Lubin,,POL,1,1397.54772949,2026-05-24,2026-08-29,
Luzern,,SUI,1,1397.09765625,2026-05-17,2026-07-25,
Lechia,,POL,1,1396.66125488,2026-05-24,2026-08-29,
Ham-Kam,,NOR,1,1395.87011719,2026-07-13,2026-07-18,
Guingamp,,FRA,2,1394.87780762,2026-05-31,2026-08-29,
Fuerth,,GER,2,1394.82666016,2026-05-21,2026-08-08,
Telstar,,NED,1,1394.69726562,2026-05-18,2026-08-08,
Cracovia,,POL,1,1394.18835449,2026-05-24,2026-08-29,
Sampdoria,,ITA,2,1390.78161621,2026-05-09,2026-08-29,
Clermont,,FRA,2,1390.66442871,2026-05-31,2026-08-29,
Korona,,POL,1,1390.38623047,2026-05-24,2026-08-29,
Motherwell,,SCO,1,1389.7043457,2026-05-17,2026-08-29,
Zwolle,,NED,1,1389.3717041,2026-05-18,2026-08-09,
Elfsborg,,SWE,1,1388.13391113,2026-07-13,2026-07-19,
Rijeka,,CRO,1,1387.4979248,2026-05-24,2026-08-29,
GAIS,,SWE,1,1387.08850098,2026-07-13,2026-07-18,
Carrarese,,ITA,2,1385.89782715,2026-05-09,2026-08-29,
Spezia,,ITA,2,1384.77941895,2026-05-09,2026-08-29,
Zaragoza,,ESP,2,1384.69812012,2026-06-01,2026-08-29,
Laval,,FRA,2,1384.28735352,2026-05-31,2026-08-29,
Haecken,,SWE,1,1383.41943359,2026-07-12,2026-07-19,
Sittard,,NED,1,1383.10021973,2026-05-18,2026-08-08,
Kasimpasa,,TUR,1,1383.04504395,2026-05-18,2026-08-29,
Bastia,,FRA,2,1382.39294434,2026-05-31,2026-08-29,
Avellino,,ITA,2,1381.59423828,2026-05-09,2026-08-29,
Rapid Wien,,AUT,1,1381.19360352,2026-05-26,2026-08-02,
Mlada Boleslav,,CZE,1,1381.14978027,2026-05-24,2026-08-29,
AIK,,SWE,1,1381.11547852,2026-07-12,2026-07-18,
Braunschweig,,GER,2,1381.04882812,2026-05-21,2026-08-08,
Motor Lublin,,POL,1,1379.69775391,2026-05-24,2026-08-29,
Valerenga,,NOR,1,1377.26928711,2026-07-12,2026-07-16,
Excelsior,,NED,1,1377.12597656,2026-05-18,2026-08-07,
Plock,,POL,1,1375.22265625,2026-05-24,2026-08-29,
Lausanne,,SUI,1,1374.96105957,2026-05-17,2026-07-25,
Pau,,FRA,2,1374.34655762,2026-05-31,2026-08-29,
Atromitos,,GRE,1,1372.44274902,2026-05-22,2026-08-29,
Suedtirol,,ITA,2,1372.29541016,2026-05-23,2026-08-29,
Sigma Olomouc,,CZE,1,1371.94628906,2026-05-24,2026-08-29,
Widzew,,POL,1,1371.26391602,2026-05-24,2026-08-29,
Hartberg,,AUT,1,1370.59326172,2026-05-18,2026-08-01,
Eyupspor,,TUR,1,1370.07263184,2026-05-18,2026-08-29,
Goeteborg,,SWE,1,1368.79516602,2026-07-13,2026-07-17,
Rapid Bucuresti,,ROM,1,1368.52380371,2026-05-26,2026-07-20,
Dinamo Bucuresti,,ROM,1,1368.21972656,2026-05-30,2026-07-19,
Leonesa,,ESP,2,1367.80834961,2026-05-31,2026-08-29,
Paksi,,HUN,1,1367.53356934,2026-05-17,2026-08-29,
Slovan Bratislava,,SLK,0,1366.51843262,2026-01-01,2026-08-29,
Bari,,ITA,2,1366.16162109,2026-05-23,2026-08-29,
Kryliya Sovetov,,RUS,1,1366.14489746,2026-03-16,2026-08-29,
Cesena,,ITA,2,1365.5480957,2026-05-09,2026-08-29,
Padova,,ITA,2,1365.3984375,2026-05-09,2026-08-29,
Koper,,SVN,1,1364.5402832,2026-05-17,2026-07-17,
Puskas Akademia,,HUN,1,1363.62231445,2026-05-16,2026-08-29,
KFUM Oslo,,NOR,1,1363.44885254,2026-07-13,2026-07-18,
Lillestrom,,NOR,1,1363.40356445,2026-07-12,2026-07-18,
Akron Togliatti,,RUS,1,1360.69018555,2026-03-16,2026-08-29,
Nancy,,FRA,2,1359.40527344,2026-05-31,2026-08-29,
Entella,,ITA,2,1358.08483887,2026-05-09,2026-08-29,
Varazdin,,CRO,1,1357.82263184,2026-05-24,2026-08-29,
Boulogne,,FRA,2,1357.81335449,2026-05-31,2026-08-29,
CSKA Sofia,,BUL,0,1355.23095703,2026-07-10,2026-07-16,
Gaziantep FK,,TUR,1,1354.34484863,2026-05-17,2026-08-29,
Debrecen,,HUN,1,1353.97338867,2026-05-17,2026-08-29,
Lok Zagreb,,CRO,1,1353.19470215,2026-05-24,2026-08-29,
Kristiansund,,NOR,1,1353.01513672,2026-07-13,2026-07-18,
Pescara,,ITA,2,1351.91577148,2026-05-09,2026-08-29,
FK Astana,,KAZ,0,1351.59240723,2026-07-10,2026-07-16,
Kortrijk,,BEL,1,1350.29199219,2026-07-03,2026-08-07,
Lommel,,BEL,1,1350.29199219,2026-07-03,2026-08-08,
Beveren,,BEL,1,1350.29199219,2026-07-03,2026-08-09,
Genclerbirligi,,TUR,1,1349.62988281,2026-05-18,2026-08-29,
AVS Futebol,,POR,1,1347.30688477,2026-05-17,2026-08-29,
Maccabi Haifa,,ISR,1,1347.22473145,2026-05-24,2026-08-29,
Lyngby,,DEN,1,1347.06616211,2026-07-03,2026-07-26,
Horsens,,DEN,1,1347.06616211,2026-07-03,2026-07-26,
Pardubice,,CZE,1,1346.9642334,2026-05-11,2026-08-29,
Banik Ostrava,,CZE,1,1346.56262207,2026-05-24,2026-08-29,
Bohemians Praha,,CZE,1,1344.51184082,2026-07-10,2026-07-16,
Orenburg,,RUS,1,1343.03881836,2026-03-14,2026-08-29,
Kocaelispor,,TUR,1,1342.98779297,2026-05-18,2026-08-29,
Cottbus,,GER,2,1342.63464355,2026-07-03,2026-08-08,
Osnabrueck,,GER,2,1342.63464355,2026-07-03,2026-08-08,
Partizan,,SRB,1,1342.41906738,2026-05-24,2026-08-29,
OFI,,GRE,1,1339.29418945,2026-05-18,2026-08-29,
Dynamo Makhachkala,,RUS,1,1339.20922852,2026-03-14,2026-08-29,
Nizhny Novgorod,,RUS,1,1337.80126953,2026-03-16,2026-08-29,
Sheriff Tiraspol,,MOL,0,1337.35595703,2026-07-10,2026-07-16,
Zalaegerszegi,,HUN,1,1335.47631836,2026-05-17,2026-08-29,
Maribor,,SVN,1,1334.22265625,2026-05-24,2026-07-19,
Reggiana,,ITA,2,1334.0456543,2026-05-09,2026-08-29,
Trnava,,SLK,0,1333.72814941,2026-01-01,2026-08-29,
Kayseri,,TUR,1,1333.65478516,2026-05-18,2026-08-29,
Wolfsberg,,AUT,1,1333.65039062,2026-05-20,2026-08-02,
Zilina,,SLK,0,1333.45056152,2026-07-10,2026-07-16,
H Tel Aviv,,ISR,1,1333.1138916,2026-05-24,2026-08-29,
Karvina,,CZE,1,1331.02563477,2026-05-24,2026-08-29,
Osijek,,CRO,1,1330.08520508,2026-05-23,2026-08-29,
Antalyaspor,,TUR,1,1328.71740723,2026-05-18,2026-08-29,
Teplice,,CZE,1,1328.1394043,2026-05-24,2026-08-29,
Fatih Karaguemruek,,TUR,1,1325.40686035,2026-05-17,2026-08-29,
Kosice,,SLK,0,1324.39245605,2026-01-01,2026-08-29,
Arka,,POL,1,1323.94714355,2026-05-24,2026-08-29,
Zira,,AZE,0,1319.08618164,2026-07-09,2026-07-16,
Cambuur,,NED,1,1317.28881836,2026-07-03,2026-08-07,
Willem II,,NED,1,1317.28881836,2026-07-03,2026-08-08,
Den Haag,,NED,1,1317.28881836,2026-07-03,2026-08-08,
Asteras Tripolis,,GRE,1,1313.69946289,2026-05-22,2026-08-29,
Nakchivan,,AZE,0,1313.20251465,2026-02-25,2026-08-29,
Shamrock,,IRL,0,1313.01416016,2026-07-15,2026-08-29,
CSKA 1948 Sofia,,BUL,1,1312.79211426,2026-05-26,2026-07-17,
Sabah,,AZE,0,1311.19018555,2026-07-15,2026-08-29,
Zuerich,,SUI,1,1307.39770508,2026-05-17,2026-07-26,
UTA Arad,,ROM,1,1305.11437988,2026-05-19,2026-07-18,
Nieciecza,,POL,1,1304.40112305,2026-05-24,2026-08-29,
Ried,,AUT,1,1301.83740234,2026-05-26,2026-08-02,
HNK Gorica,,CRO,1,1300.91821289,2026-05-24,2026-08-29,
Altach,,AUT,1,1298.19055176,2026-05-17,2026-08-02,
Sochi,,RUS,1,1297.66748047,2026-03-15,2026-08-29,
Kilmarnock,,SCO,1,1297.11804199,2026-05-18,2026-08-29,
Kuopio,,FIN,0,1296.51403809,2026-07-15,2026-08-29,
Otelul Galati,,ROM,1,1296.07861328,2026-05-19,2026-07-18,
Amiens,,FRA,2,1295.50183105,2026-05-31,2026-08-29,
Start,,NOR,1,1294.83154297,2026-07-13,2026-07-18,
Kairat,,KAZ,0,1294.38867188,2026-07-16,2026-08-29,
Noah,,ARM,0,1294.14257812,2026-02-27,2026-08-29,
Viitorul,,ROM,1,1293.85339355,2026-05-19,2026-07-19,
Panetolikos,,GRE,1,1292.25964355,2026-05-22,2026-08-29,
Wattens,,AUT,1,1292.03271484,2026-05-17,2026-08-01,
Ujpest,,HUN,1,1291.93554688,2026-05-17,2026-08-29,
Aalesund,,NOR,1,1291.39440918,2026-07-12,2026-07-16,
Istra 1961,,CRO,1,1291.16687012,2026-05-24,2026-08-29,
Tescoma Zlin,,CZE,1,1290.13598633,2026-05-24,2026-08-29,
Grasshoppers,,SUI,1,1289.90795898,2026-05-19,2026-07-25,
Kifisias,,GRE,1,1289.77783203,2026-05-22,2026-08-29,
Novi Sad,,SRB,1,1288.29553223,2026-07-10,2026-07-16,
Brommapojkarna,,SWE,1,1286.93859863,2026-07-13,2026-07-17,
Dundee United,,SCO,1,1286.71264648,2026-05-18,2026-08-29,
Pyunik,,ARM,0,1286.7109375,2026-07-10,2026-07-16,
Nyiregyhaza,,HUN,1,1285.84594727,2026-05-16,2026-08-29,
Vikingur,,ISL,0,1285.12316895,2026-07-15,2026-08-29,
Slovacko,,CZE,1,1284.80163574,2026-05-24,2026-08-29,
FK Riga,,LAT,0,1283.32739258,2026-07-15,2026-08-29,
MTK,,HUN,1,1283.06347656,2026-05-16,2026-08-29,
Slaven Belupo,,CRO,1,1282.4810791,2026-05-23,2026-08-29,
Vaduz,,LIE,0,1280.60302734,2026-02-27,2026-07-26,
GAK,,AUT,1,1279.8104248,2026-05-17,2026-07-31,
Cherno More,,BUL,1,1279.59619141,2026-05-26,2026-07-19,
St Patricks,,IRL,0,1278.34521484,2026-01-01,2026-08-29,
Botosani,,ROM,1,1277.43041992,2026-05-25,2026-07-17,
Halmstad,,SWE,1,1272.30566406,2026-07-14,2026-07-19,
Degerfors,,SWE,1,1271.91052246,2026-07-13,2026-07-19,
Netanya,,ISR,1,1271.08190918,2026-05-19,2026-08-29,
Falkirk,,SCO,1,1270.04736328,2026-05-17,2026-08-29,
Aarau,,SUI,1,1267.46691895,2026-05-19,2026-08-29,
Csikszereda,,ROM,1,1267.13671875,2026-05-17,2026-07-20,
Stjarnan,,ISL,0,1266.55419922,2026-07-10,2026-07-16,
Petrolul Ploiesti,,ROM,1,1266.38818359,2026-05-19,2026-07-19,
Dundee,,SCO,1,1266.15893555,2026-05-18,2026-08-29,
Vaesteras,,SWE,1,1264.99938965,2026-07-13,2026-07-17,
Dukla,,CZE,1,1264.53088379,2026-05-24,2026-08-29,
Arda,,BUL,1,1262.6151123,2026-05-26,2026-07-18,
Kisvarda,,HUN,1,1261.06713867,2026-05-17,2026-08-29,
NFC Volos,,GRE,1,1259.16870117,2026-05-18,2026-08-29,
Aberdeen,,SCO,1,1258.19970703,2026-05-18,2026-08-29,
Oergryte,,SWE,1,1257.30456543,2026-07-12,2026-07-20,
Velez Mostar,,BHZ,0,1255.50109863,2026-07-10,2026-07-16,
Ararat,,ARM,0,1246.33862305,2026-07-15,2026-08-29,
Kalmar,,SWE,1,1246.30627441,2026-07-13,2026-07-20,
Lustenau,,AUT,1,1243.68847656,2026-07-03,2026-08-02,
Aktobe,,KAZ,0,1243.37133789,2026-01-29,2026-08-29,
St Mirren,,SCO,1,1243.31481934,2026-05-18,2026-08-29,
Drita,,KOS,0,1242.50073242,2026-07-15,2026-08-29,
Larisa,,GRE,1,1241.21716309,2026-05-22,2026-08-29,
Shelbourne,,IRL,0,1240.87084961,2026-01-01,2026-08-29,
Zeleznicar Pancevo,,SRB,1,1240.40429688,2026-05-23,2026-08-29,
Diosgyori,,HUN,1,1237.07165527,2026-05-17,2026-08-29,
Derry City,,IRL,0,1233.97900391,2026-07-10,2026-07-16,
Winterthur,,SUI,1,1232.13244629,2026-05-17,2026-08-29,
Inter Turku,,FIN,0,1231.09387207,2026-07-10,2026-07-16,
Hapoel Jerusalem,,ISR,1,1230.98950195,2026-05-19,2026-08-29,
Hapoel Haifa,,ISR,1,1230.6484375,2026-05-19,2026-08-29,
Bnei Sakhinin,,ISR,1,1229.75512695,2026-05-19,2026-08-29,
H Petach Tikva,,ISR,1,1228.65100098,2026-05-24,2026-08-29,
Shkendija,,MAC,0,1226.55493164,2026-07-10,2026-07-16,
Panserraikos,,GRE,1,1226.01782227,2026-05-22,2026-08-29,
Voluntari,,ROM,1,1223.70605469,2026-07-03,2026-07-17,
Sepsi,,ROM,1,1223.70605469,2026-07-03,2026-07-20,
Corvinul Hunedoara,,ROM,1,1223.70605469,2026-07-03,2026-07-20,
RFS,,LAT,0,1221.79467773,2026-07-10,2026-07-16,
Liepajas,,LAT,0,1216.23205566,2026-07-16,2026-08-29,
Ironi Tiberias,,ISR,1,1212.53625488,2026-05-19,2026-08-29,
FK Sarajevo,,BHZ,0,1211.23156738,2026-07-10,2026-07-16,
Borac Banja Luka,,BHZ,0,1210.83227539,2026-07-15,2026-08-29,
Lok Plovdiv,,BUL,1,1205.97167969,2026-05-30,2026-07-18,
Ilves Tampere,,FIN,0,1205.37280273,2026-07-09,2026-07-16,
Dinamo Minsk,,BLR,0,1202.69592285,2026-07-10,2026-07-16,
Ordabasy,,KAZ,0,1202.21813965,2026-01-29,2026-08-29,
Kiryat Shmona,,ISR,1,1201.35681152,2026-05-19,2026-08-29,
OFK,,SRB,1,1199.15283203,2026-05-23,2026-08-29,
Cukaricki,,SRB,1,1198.3515625,2026-05-23,2026-08-29,
Olexandriya,,UKR,1,1197.18640137,2026-06-10,2026-08-29,
Novi Pazar,,SRB,1,1194.02624512,2026-05-24,2026-08-29,
Livyi Bereh,,UKR,1,1193.6763916,2026-06-10,2026-08-29,
Klaksvik,,FAR,0,1189.47131348,2026-01-01,2026-08-29,
Kragujevac,,SRB,1,1187.92358398,2026-05-25,2026-08-29,
Backa Topola,,SRB,1,1185.84387207,2026-05-25,2026-08-29,
Ballkani,,KOS,0,1185.13781738,2026-07-09,2026-07-16,
Dinamo Tirana,,ALB,0,1183.72375488,2026-07-10,2026-07-16,
Banants,,ARM,0,1179.4342041,2026-02-27,2026-08-29,
Neman Grodno,,BLR,0,1179.02661133,2026-01-01,2026-08-29,
Ashdod,,ISR,1,1172.46374512,2026-05-19,2026-08-29,
Kazincbarcika,,HUN,1,1168.09191895,2026-05-16,2026-08-29,
Zalgiris Vilnius,,LIT,0,1167.50366211,2026-07-10,2026-07-16,
IMT,,SRB,1,1167.2331543,2026-05-25,2026-08-29,
Botev Vratsa,,BUL,1,1165.69091797,2026-05-23,2026-07-19,
Livingston,,SCO,1,1163.26220703,2026-05-18,2026-08-29,
Torpedo Kutaisi,,GEO,0,1159.65441895,2026-07-09,2026-07-16,
Radnik Surdulica,,SRB,1,1159.57324219,2026-05-24,2026-08-29,
Petrocub,,MOL,0,1159.45910645,2026-07-16,2026-08-29,
Partizani Tirana,,ALB,0,1158.83312988,2026-01-01,2026-08-29,
Egnatia,,ALB,0,1157.89331055,2026-07-16,2026-08-29,
FC Spaeri,,GEO,0,1150.32836914,2026-01-01,2026-08-29,
Dila Gori,,GEO,0,1149.45703125,2026-07-10,2026-07-16,
Saburtalo,,GEO,0,1149.44433594,2026-07-15,2026-08-29,
Vllaznia,,ALB,0,1145.86279297,2026-07-16,2026-08-29,
Vukovar,,CRO,1,1141.32226562,2026-05-23,2026-08-29,
Mura,,SVN,1,1140.62060547,2026-05-23,2026-07-17,
Aluminij,,SVN,1,1136.16748047,2026-07-10,2026-07-16,
Mladost Lucani,,SRB,1,1133.2512207,2026-05-25,2026-08-29,
Kauno Zalgiris,,LIT,0,1131.27331543,2026-07-15,2026-08-29,
Flora Tallinn,,EST,0,1130.34924316,2026-07-15,2026-08-29,
Maccabi Bnei Raina,,ISR,1,1127.99316406,2026-05-19,2026-08-29,
Dinamo Brest,,BLR,0,1124.8527832,2026-01-01,2026-08-29,
Zimbru,,MOL,0,1121.74816895,2026-01-01,2026-08-29,
Nis,,SRB,1,1120.0267334,2026-05-25,2026-08-29,
Ivanjica,,SRB,1,1117.99780273,2026-05-25,2026-08-29,
Hamrun,,MLT,0,1116.77966309,2026-07-10,2026-07-16,
Nafta,,SVN,1,1116.73962402,2026-07-03,2026-07-17,
Linfield,,NIR,0,1112.89929199,2026-07-10,2026-07-16,
Banga,,LIT,0,1112.11181641,2026-01-01,2026-08-29,
Torpedo Zhodino,,BLR,0,1109.97851562,2026-01-01,2026-08-29,
Milsami Orhei,,MOL,0,1106.4597168,2026-07-10,2026-07-16,
Hegelmann,,LIT,0,1105.8293457,2026-07-10,2026-07-16,
Spartak Varna,,BUL,1,1099.84106445,2026-05-23,2026-07-17,
Vardar,,MAC,0,1099.73193359,2026-07-15,2026-08-29,
Decic,,MNT,0,1098.27709961,2026-07-16,2026-08-29,
Septemvri Sofia,,BUL,1,1095.19165039,2026-05-23,2026-07-18,
Sileks,,MAC,0,1091.06091309,2026-07-10,2026-07-16,
Marsaxlokk,,MLT,0,1087.00842285,2026-07-10,2026-07-16,
Glentoran,,NIR,0,1084.90637207,2026-07-10,2026-07-16,
Paide Linnameeskond,,EST,0,1082.51745605,2026-07-10,2026-07-16,
Sutjeska,,MNT,0,1082.15710449,2026-07-16,2026-08-29,
Rabotnicki,,MAC,0,1081.38427734,2026-02-27,2026-08-29,
Prishtine,,KOS,0,1080.05297852,2026-02-27,2026-08-29,
Nomme Kalju,,EST,0,1067.46813965,2026-07-10,2026-07-16,
The New Saints,,WAL,0,1066.42773438,2026-07-15,2026-08-29,
Lincoln,,GIB,0,1065.0925293,2026-07-15,2026-08-15,
Differdang,,LUX,0,1064.40563965,2026-07-09,2026-07-16,
Floriana,,MLT,0,1063.39416504,2026-07-15,2026-08-29,
Larne,,NIR,0,1059.32751465,2026-07-15,2026-08-29,
R Letzebuerg,,LUX,0,1055.80236816,2026-01-01,2026-08-29,
Malisheva,,KOS,0,1053.15783691,2026-07-16,2026-08-29,
FC Infonet,,EST,0,1050.10693359,2026-07-10,2026-07-16,
HB Torshavn,,FAR,0,1050.02600098,2026-01-01,2026-08-29,
Zlatibor,,SRB,1,1047.96862793,2026-05-25,2026-08-29,
Una Strassen,,LUX,0,1047.87158203,2026-07-15,2026-08-29,
Mornar,,MNT,0,1045.57641602,2026-07-10,2026-07-16,
Petrovac,,MNT,0,1045.57641602,2026-07-10,2026-07-16,
Runavik,,FAR,0,1039.27258301,2026-07-10,2026-07-16,
Dudelange,,LUX,0,1035.68371582,2026-01-01,2026-08-29,
Dunav Ruse,,BUL,1,1034.95202637,2026-07-03,2026-07-17,
Gota,,FAR,0,1033.25927734,2026-07-10,2026-07-16,
Escaldes,,AND,0,1002.06817627,2026-07-15,2026-08-29,
Krusevac,,SRB,1,996.298400879,2026-05-25,2026-08-29,
Penybont,,WAL,0,988.081848145,2026-07-10,2026-07-16,
Caernarfon Town,,WAL,0,969.859069824,2026-07-10,2026-07-16,
Connahs Quay,,WAL,0,969.859069824,2026-07-09,2026-07-16,
St Josephs,,GIB,0,968.097045898,2026-07-10,2026-07-16,
College Europa,,GIB,0,955.99798584,2026-07-10,2026-07-16,
Santa Coloma,,AND,0,954.305236816,2026-07-10,2026-07-16,
Atletic Club Escaldes,,AND,0,944.222595215,2026-07-10,2026-07-16,
SS Virtus,,SMR,0,767.627746582,2026-07-10,2026-07-16,
Tre Fiori,,SMR,0,736.193237305,2026-07-15,2026-08-29,
La Fiorita,,SMR,0,716.190124512,2026-07-15,2026-08-29,
